fiindex,fi_opcode,crash,benign,SDC
4656,phi,0.9,0.1,0.0
4657,getelementptr,0.6333333333333333,0.06666666666666667,0.30000000000000004
4658,bitcast,0.7,0.13333333333333333,0.16666666666666674
4659,load,0.0,0.7666666666666667,0.23333333333333328
4660,fadd,0.0,0.7666666666666667,0.23333333333333328
4661,fmul,0.0,0.7666666666666667,0.23333333333333328
4662,getelementptr,0.7666666666666667,0.06666666666666667,0.16666666666666663
4663,bitcast,0.7,0.16666666666666666,0.13333333333333341
4665,getelementptr,0.8666666666666667,0.13333333333333333,0.0
4666,bitcast,0.8333333333333334,0.1,0.06666666666666665
4668,add,0.7666666666666667,0.23333333333333334,-1.1102230246251565e-16
4669,icmp,0.0,0.43333333333333335,0.5666666666666667
4700,phi,0.8666666666666667,0.13333333333333333,0.0
4701,getelementptr,0.7333333333333333,0.03333333333333333,0.2333333333333334
4702,bitcast,0.7666666666666667,0.1,0.1333333333333333
4703,load,0.0,0.7,0.30000000000000004
4704,getelementptr,0.9,0.03333333333333333,0.06666666666666665
4705,bitcast,0.6666666666666666,0.03333333333333333,0.30000000000000004
4706,load,0.0,0.8333333333333334,0.16666666666666663
4707,fmul,0.06666666666666667,0.6666666666666666,0.2666666666666667
4708,getelementptr,0.8,0.06666666666666667,0.1333333333333333
4709,call,0.0,0.9666666666666667,0.033333333333333326
4710,fcmp,0.0,0.3333333333333333,0.6666666666666667
4711,select,0.06666666666666667,0.7333333333333333,0.20000000000000007
4712,bitcast,0.5333333333333333,0.13333333333333333,0.33333333333333337
4714,getelementptr,0.6666666666666666,0.26666666666666666,0.06666666666666676
4715,bitcast,0.8666666666666667,0.13333333333333333,0.0
4716,load,0.0,0.9333333333333333,0.06666666666666665
4717,fcmp,0.0,0.43333333333333335,0.5666666666666667
4718,select,0.0,0.9666666666666667,0.033333333333333326
4719,fcmp,0.0,0.26666666666666666,0.7333333333333334
4720,xor,0.0,1.0,0.0
4721,or,0.0,1.0,0.0
4722,extractelement,0.0,1.0,0.0
4729,extractelement,0.0,1.0,0.0
4738,add,0.9,0.03333333333333333,0.06666666666666665
4739,icmp,0.0,0.13333333333333333,0.8666666666666667
5898,phi,0.9666666666666667,0.03333333333333333,0.0
5899,getelementptr,0.9,0.0,0.09999999999999998
5900,load,0.7666666666666667,0.0,0.23333333333333328
5901,sext,0.9,0.03333333333333333,0.06666666666666665
5902,getelementptr,0.8,0.0,0.19999999999999996
5903,load,0.06666666666666667,0.5666666666666667,0.3666666666666667
5904,getelementptr,0.7333333333333333,0.06666666666666667,0.20000000000000007
5906,getelementptr,0.9,0.0,0.09999999999999998
5907,load,0.03333333333333333,0.43333333333333335,0.5333333333333333
5908,getelementptr,0.8333333333333334,0.13333333333333333,0.033333333333333326
5910,getelementptr,0.8666666666666667,0.03333333333333333,0.09999999999999998
5911,load,0.03333333333333333,0.5666666666666667,0.4
5912,getelementptr,0.6,0.3,0.09999999999999998
5914,add,0.9333333333333333,0.06666666666666667,0.0
5915,icmp,0.06666666666666667,0.43333333333333335,0.5
5923,phi,0.9666666666666667,0.0,0.033333333333333326
5924,getelementptr,0.7666666666666667,0.0,0.23333333333333328
5925,load,0.5333333333333333,0.0,0.4666666666666667
5926,sext,0.7666666666666667,0.03333333333333333,0.19999999999999996
5927,getelementptr,0.8333333333333334,0.0,0.16666666666666663
5928,load,0.0,0.5666666666666667,0.43333333333333335
5929,fadd,0.0,0.43333333333333335,0.5666666666666667
5931,add,1.0,0.0,0.0
5932,icmp,0.13333333333333333,0.0,0.8666666666666667
3119,phi,0.7666666666666667,0.13333333333333333,0.09999999999999998
3120,getelementptr,0.7333333333333333,0.1,0.16666666666666674
3121,load,0.03333333333333333,0.7,0.2666666666666667
3122,getelementptr,0.7,0.3,0.0
3123,load,0.1,0.7,0.20000000000000004
3124,fdiv,0.06666666666666667,0.8,0.1333333333333333
3125,getelementptr,0.8,0.06666666666666667,0.1333333333333333
3127,getelementptr,0.6333333333333333,0.13333333333333333,0.2333333333333334
3128,load,0.03333333333333333,0.7666666666666667,0.19999999999999996
3129,load,0.06666666666666667,0.8666666666666667,0.06666666666666664
3130,fdiv,0.06666666666666667,0.8333333333333334,0.09999999999999996
3131,getelementptr,0.7333333333333333,0.13333333333333333,0.13333333333333341
3133,getelementptr,0.8333333333333334,0.03333333333333333,0.1333333333333333
3134,load,0.03333333333333333,0.7333333333333333,0.2333333333333334
3135,load,0.1,0.6666666666666666,0.23333333333333336
3136,fdiv,0.03333333333333333,0.7,0.2666666666666667
3137,getelementptr,0.7333333333333333,0.06666666666666667,0.20000000000000007
3139,add,0.7333333333333333,0.16666666666666666,0.10000000000000009
3140,icmp,0.0,0.16666666666666666,0.8333333333333334
3197,phi,0.8333333333333334,0.06666666666666667,0.09999999999999998
3198,getelementptr,0.8666666666666667,0.0,0.1333333333333333
3199,load,0.03333333333333333,0.5,0.4666666666666667
3200,getelementptr,0.7333333333333333,0.06666666666666667,0.20000000000000007
3201,load,0.1,0.7333333333333333,0.1666666666666667
3202,fmul,0.0,0.7,0.30000000000000004
3203,fadd,0.03333333333333333,0.6333333333333333,0.33333333333333337
3204,call,0.0,1.0,0.0
3205,fcmp,0.0,0.3,0.7
3206,select,0.0,0.7666666666666667,0.23333333333333328
3208,getelementptr,0.7666666666666667,0.03333333333333333,0.19999999999999996
3209,load,0.03333333333333333,0.6666666666666666,0.30000000000000004
3210,getelementptr,0.6,0.1,0.30000000000000004
3211,load,0.06666666666666667,0.7333333333333333,0.20000000000000007
3212,fmul,0.03333333333333333,0.7666666666666667,0.19999999999999996
3213,fadd,0.06666666666666667,0.7,0.2333333333333334
3214,call,0.0,1.0,0.0
3215,fcmp,0.0,0.26666666666666666,0.7333333333333334
3216,select,0.03333333333333333,0.7,0.2666666666666667
3218,getelementptr,0.7333333333333333,0.03333333333333333,0.2333333333333334
3219,load,0.03333333333333333,0.7333333333333333,0.2333333333333334
3220,getelementptr,0.7333333333333333,0.1,0.16666666666666674
3221,load,0.03333333333333333,0.7666666666666667,0.19999999999999996
3222,fmul,0.0,0.7,0.30000000000000004
3223,fadd,0.03333333333333333,0.7,0.2666666666666667
3224,call,0.0,0.9333333333333333,0.06666666666666665
3225,fcmp,0.0,0.26666666666666666,0.7333333333333334
3226,select,0.03333333333333333,0.7,0.2666666666666667
3228,add,0.8666666666666667,0.03333333333333333,0.09999999999999998
3229,icmp,0.0,0.06666666666666667,0.9333333333333333
3243,phi,0.9,0.03333333333333333,0.06666666666666665
3244,getelementptr,0.8,0.06666666666666667,0.1333333333333333
3245,load,0.06666666666666667,0.7,0.2333333333333334
3246,fmul,0.0,0.7666666666666667,0.23333333333333328
3247,getelementptr,0.7333333333333333,0.16666666666666666,0.10000000000000009
3248,load,0.06666666666666667,0.5,0.43333333333333335
3249,fadd,0.06666666666666667,0.4666666666666667,0.4666666666666667
3251,getelementptr,0.6,0.1,0.30000000000000004
3252,load,0.0,0.6666666666666666,0.33333333333333337
3253,fmul,0.03333333333333333,0.6666666666666666,0.30000000000000004
3254,getelementptr,0.6666666666666666,0.1,0.2333333333333334
3255,load,0.16666666666666666,0.4,0.43333333333333335
3256,fadd,0.1,0.5333333333333333,0.3666666666666667
3258,getelementptr,0.7666666666666667,0.03333333333333333,0.19999999999999996
3259,load,0.0,0.7,0.30000000000000004
3260,fmul,0.03333333333333333,0.7,0.2666666666666667
3261,getelementptr,0.8,0.06666666666666667,0.1333333333333333
3262,load,0.1,0.4,0.5
3263,fadd,0.06666666666666667,0.3333333333333333,0.6000000000000001
3265,add,0.9,0.03333333333333333,0.06666666666666665
3266,icmp,0.0,0.2,0.8
363,load,0.0,0.7,0.30000000000000004
364,fcmp,0.0,0.0,1.0
3154,phi,0.9,0.06666666666666667,0.033333333333333326
3155,getelementptr,0.8666666666666667,0.03333333333333333,0.09999999999999998
3156,load,0.6333333333333333,0.03333333333333333,0.33333333333333337
3157,sext,0.7333333333333333,0.1,0.16666666666666674
3158,getelementptr,0.6666666666666666,0.1,0.2333333333333334
3160,add,0.9,0.03333333333333333,0.06666666666666665
3161,icmp,0.03333333333333333,0.13333333333333333,0.8333333333333334
3166,phi,0.8666666666666667,0.1,0.033333333333333326
3167,getelementptr,0.8333333333333334,0.1,0.06666666666666665
3168,load,0.43333333333333335,0.16666666666666666,0.4
3169,sext,0.7333333333333333,0.1,0.16666666666666674
3170,getelementptr,0.7333333333333333,0.06666666666666667,0.20000000000000007
3172,add,0.8333333333333334,0.1,0.06666666666666665
3173,icmp,0.03333333333333333,0.26666666666666666,0.7000000000000001
3176,phi,0.8666666666666667,0.1,0.033333333333333326
3177,getelementptr,0.9333333333333333,0.03333333333333333,0.033333333333333326
3178,load,0.7,0.03333333333333333,0.2666666666666667
3179,sext,0.7666666666666667,0.06666666666666667,0.16666666666666663
3180,getelementptr,0.7666666666666667,0.1,0.1333333333333333
3182,add,0.9333333333333333,0.03333333333333333,0.033333333333333326
3183,icmp,0.06666666666666667,0.16666666666666666,0.7666666666666667
7856,phi,0.8666666666666667,0.13333333333333333,0.0
7857,phi,0.7666666666666667,0.23333333333333334,-1.1102230246251565e-16
7859,phi,0.8666666666666667,0.13333333333333333,0.0
7860,phi,0.7666666666666667,0.23333333333333334,-1.1102230246251565e-16
7862,add,0.8,0.2,0.0
7863,getelementptr,0.0,1.0,0.0
7864,icmp,1.0,0.0,0.0
353,fmul,0.0,0.6,0.4
354,fdiv,0.0,0.7,0.30000000000000004
7846,phi,0.9666666666666667,0.03333333333333333,0.0
7847,getelementptr,0.7333333333333333,0.26666666666666666,1.1102230246251565e-16
7848,bitcast,0.7,0.3,0.0
7850,add,0.8333333333333334,0.16666666666666666,0.0
7851,icmp,0.0,1.0,0.0
3276,fsub,0.03333333333333333,0.7,0.2666666666666667
3277,insertelement,0.0,0.7666666666666667,0.23333333333333328
3278,insertelement,0.06666666666666667,0.7333333333333333,0.20000000000000007
3279,insertelement,0.03333333333333333,0.8333333333333334,0.1333333333333333
3280,insertelement,0.0,0.6333333333333333,0.3666666666666667
3281,fsub,0.0,0.6666666666666666,0.33333333333333337
3282,insertelement,0.0,0.8666666666666667,0.1333333333333333
3283,shufflevector,0.0,0.5666666666666667,0.43333333333333335
3284,insertelement,0.0,0.9333333333333333,0.06666666666666665
3285,insertelement,0.0,0.8333333333333334,0.16666666666666663
3286,fsub,0.0,0.6666666666666666,0.33333333333333337
3287,insertelement,0.06666666666666667,0.8333333333333334,0.09999999999999996
3288,shufflevector,0.03333333333333333,0.6,0.3666666666666667
3289,insertelement,0.0,0.8333333333333334,0.16666666666666663
3290,insertelement,0.03333333333333333,0.4666666666666667,0.5
3291,fsub,0.0,0.8,0.19999999999999996
3292,insertelement,0.06666666666666667,0.7333333333333333,0.20000000000000007
3293,shufflevector,0.03333333333333333,0.6666666666666666,0.30000000000000004
3294,insertelement,0.03333333333333333,0.7333333333333333,0.2333333333333334
3295,insertelement,0.03333333333333333,0.7333333333333333,0.2333333333333334
3296,fsub,0.0,0.6,0.4
3297,insertelement,0.1,0.7,0.20000000000000004
3298,insertelement,0.2,0.5333333333333333,0.26666666666666666
3299,insertelement,0.03333333333333333,0.9,0.06666666666666665
3300,shufflevector,0.0,0.6,0.4
3301,fsub,0.03333333333333333,0.7666666666666667,0.19999999999999996
3302,insertelement,0.03333333333333333,0.7333333333333333,0.2333333333333334
3303,insertelement,0.06666666666666667,0.6666666666666666,0.2666666666666667
3304,shufflevector,0.03333333333333333,0.6,0.3666666666666667
3305,fsub,0.0,0.7666666666666667,0.23333333333333328
3306,insertelement,0.03333333333333333,0.7666666666666667,0.19999999999999996
3307,insertelement,0.13333333333333333,0.6666666666666666,0.20000000000000004
3308,insertelement,0.0,0.8666666666666667,0.1333333333333333
3309,shufflevector,0.03333333333333333,0.6666666666666666,0.30000000000000004
3310,fsub,0.0,0.7333333333333333,0.2666666666666667
3311,insertelement,0.1,0.6,0.30000000000000004
3312,insertelement,0.0,0.9333333333333333,0.06666666666666665
3313,insertelement,0.03333333333333333,0.6333333333333333,0.33333333333333337
3314,fsub,0.03333333333333333,0.5333333333333333,0.43333333333333335
3315,fsub,0.03333333333333333,0.8,0.16666666666666663
3316,fsub,0.0,0.7666666666666667,0.23333333333333328
3317,insertelement,0.1,0.8333333333333334,0.06666666666666662
3318,insertelement,0.03333333333333333,0.7333333333333333,0.2333333333333334
3319,insertelement,0.03333333333333333,0.9333333333333333,0.03333333333333332
3320,insertelement,0.0,0.8666666666666667,0.1333333333333333
3321,fsub,0.0,0.6333333333333333,0.3666666666666667
3322,fsub,0.0,0.8,0.19999999999999996
3323,insertelement,0.13333333333333333,0.5333333333333333,0.33333333333333337
3324,insertelement,0.03333333333333333,0.6,0.3666666666666667
3325,insertelement,0.0,0.6666666666666666,0.33333333333333337
3326,fsub,0.0,0.7,0.30000000000000004
3327,insertelement,0.03333333333333333,0.8333333333333334,0.1333333333333333
3328,fsub,0.0,0.8333333333333334,0.16666666666666663
3329,insertelement,0.0,0.8,0.19999999999999996
3330,insertelement,0.0,0.7,0.30000000000000004
3331,fsub,0.0,0.7,0.30000000000000004
3332,insertelement,0.0,0.7666666666666667,0.23333333333333328
3333,fsub,0.0,0.7,0.30000000000000004
3334,insertelement,0.03333333333333333,0.8666666666666667,0.09999999999999998
3335,insertelement,0.06666666666666667,0.5333333333333333,0.4
3336,fsub,0.0,0.7333333333333333,0.2666666666666667
3337,insertelement,0.0,0.8666666666666667,0.1333333333333333
3338,insertelement,0.03333333333333333,0.43333333333333335,0.5333333333333333
3339,fsub,0.0,0.7333333333333333,0.2666666666666667
3340,insertelement,0.03333333333333333,0.8333333333333334,0.1333333333333333
3341,insertelement,0.0,0.7,0.30000000000000004
3342,fsub,0.0,0.7333333333333333,0.2666666666666667
3343,fadd,0.0,0.6,0.4
3344,fmul,0.0,0.7666666666666667,0.23333333333333328
3345,shufflevector,0.0,0.9,0.09999999999999998
3346,fmul,0.0,0.9666666666666667,0.033333333333333326
3347,extractelement,0.0,0.6,0.4
3348,fsub,0.0,0.6333333333333333,0.3666666666666667
3349,fmul,0.0,0.6333333333333333,0.3666666666666667
3350,fadd,0.0,0.8333333333333334,0.16666666666666663
3351,fmul,0.0,0.6666666666666666,0.33333333333333337
3352,insertelement,0.0,0.8666666666666667,0.1333333333333333
3353,shufflevector,0.0,0.7666666666666667,0.23333333333333328
3354,extractelement,0.0,0.6333333333333333,0.3666666666666667
3355,insertelement,0.0,0.8333333333333334,0.16666666666666663
3356,insertelement,0.0,0.7666666666666667,0.23333333333333328
3357,fmul,0.03333333333333333,0.8333333333333334,0.1333333333333333
3358,fsub,0.0,0.7333333333333333,0.2666666666666667
3359,fmul,0.0,0.6666666666666666,0.33333333333333337
3360,extractelement,0.0,0.8666666666666667,0.1333333333333333
3361,fadd,0.0,0.5333333333333333,0.4666666666666667
3362,extractelement,0.0,0.6666666666666666,0.33333333333333337
3363,fadd,0.0,0.5,0.5
3364,fadd,0.0,0.8,0.19999999999999996
3365,fmul,0.0,0.8333333333333334,0.16666666666666663
3366,fmul,0.06666666666666667,0.7,0.2333333333333334
3367,fsub,0.0,0.7,0.30000000000000004
3368,fmul,0.0,0.8,0.19999999999999996
3369,fadd,0.0,0.5666666666666667,0.43333333333333335
3370,fmul,0.0,0.7,0.30000000000000004
3371,fmul,0.0,0.5333333333333333,0.4666666666666667
3372,fsub,0.0,0.6666666666666666,0.33333333333333337
3373,fmul,0.0,0.7,0.30000000000000004
3374,fadd,0.0,0.5,0.5
3375,fadd,0.0,0.6,0.4
3376,fmul,0.0,0.7333333333333333,0.2666666666666667
3377,fmul,0.0,0.7,0.30000000000000004
3378,fsub,0.0,0.7666666666666667,0.23333333333333328
3379,fmul,0.0,0.5333333333333333,0.4666666666666667
3380,fadd,0.0,0.5666666666666667,0.43333333333333335
3381,extractelement,0.0,0.6333333333333333,0.3666666666666667
3382,fadd,0.03333333333333333,0.5333333333333333,0.43333333333333335
3383,extractelement,0.0,0.6,0.4
3384,fadd,0.06666666666666667,0.6333333333333333,0.30000000000000004
3385,fmul,0.13333333333333333,0.6666666666666666,0.20000000000000004
3387,load,0.13333333333333333,0.43333333333333335,0.43333333333333335
3388,getelementptr,0.9666666666666667,0.0,0.033333333333333326
3389,load,0.13333333333333333,0.5666666666666667,0.30000000000000004
3390,getelementptr,0.9333333333333333,0.03333333333333333,0.033333333333333326
3391,load,0.06666666666666667,0.6,0.33333333333333337
3392,getelementptr,0.7666666666666667,0.03333333333333333,0.19999999999999996
3393,load,0.06666666666666667,0.6333333333333333,0.30000000000000004
3394,getelementptr,0.8666666666666667,0.03333333333333333,0.09999999999999998
3395,load,0.03333333333333333,0.7333333333333333,0.2333333333333334
3396,getelementptr,0.9,0.03333333333333333,0.06666666666666665
3397,load,0.2,0.5333333333333333,0.26666666666666666
3398,getelementptr,0.8666666666666667,0.03333333333333333,0.09999999999999998
3399,load,0.1,0.5666666666666667,0.33333333333333337
3400,getelementptr,0.7333333333333333,0.13333333333333333,0.13333333333333341
3401,load,0.06666666666666667,0.6333333333333333,0.30000000000000004
3402,load,0.06666666666666667,0.6,0.33333333333333337
3403,getelementptr,0.7333333333333333,0.13333333333333333,0.13333333333333341
3404,load,0.0,0.6666666666666666,0.33333333333333337
3405,getelementptr,0.9,0.0,0.09999999999999998
3406,load,0.06666666666666667,0.8333333333333334,0.09999999999999996
3407,getelementptr,0.9,0.06666666666666667,0.033333333333333326
3408,load,0.13333333333333333,0.6333333333333333,0.23333333333333336
3409,getelementptr,0.8,0.06666666666666667,0.1333333333333333
3410,load,0.0,0.7,0.30000000000000004
3411,getelementptr,0.7,0.1,0.20000000000000007
3412,load,0.06666666666666667,0.6333333333333333,0.30000000000000004
3413,getelementptr,1.0,0.0,0.0
3414,load,0.1,0.5333333333333333,0.3666666666666667
3415,getelementptr,0.8333333333333334,0.1,0.06666666666666665
3416,load,0.23333333333333334,0.5,0.26666666666666666
3417,load,0.06666666666666667,0.5333333333333333,0.4
3418,getelementptr,0.8,0.03333333333333333,0.16666666666666663
3419,load,0.03333333333333333,0.7,0.2666666666666667
3420,getelementptr,0.6666666666666666,0.1,0.2333333333333334
3421,load,0.0,0.7666666666666667,0.23333333333333328
3422,getelementptr,0.8,0.13333333333333333,0.06666666666666665
3423,load,0.03333333333333333,0.7,0.2666666666666667
3424,getelementptr,0.7,0.13333333333333333,0.16666666666666674
3425,load,0.03333333333333333,0.6666666666666666,0.30000000000000004
3426,getelementptr,0.9666666666666667,0.0,0.033333333333333326
3427,load,0.03333333333333333,0.6,0.3666666666666667
3428,getelementptr,0.8,0.06666666666666667,0.1333333333333333
3429,load,0.16666666666666666,0.6333333333333333,0.20000000000000004
3430,getelementptr,0.9666666666666667,0.03333333333333333,0.0
3431,load,0.13333333333333333,0.5,0.3666666666666667
3432,call,0.06666666666666667,0.6333333333333333,0.30000000000000004
402,phi,0.9,0.03333333333333333,0.06666666666666665
403,getelementptr,0.7333333333333333,0.06666666666666667,0.20000000000000007
404,load,0.03333333333333333,0.6333333333333333,0.33333333333333337
405,fneg,0.06666666666666667,0.7,0.2333333333333334
406,getelementptr,0.6333333333333333,0.3,0.06666666666666665
407,load,0.03333333333333333,0.9666666666666667,-6.938893903907228e-18
408,fsub,0.1,0.7,0.20000000000000004
409,getelementptr,0.7,0.06666666666666667,0.2333333333333334
411,getelementptr,0.8,0.03333333333333333,0.16666666666666663
413,getelementptr,0.8333333333333334,0.0,0.16666666666666663
415,add,0.9333333333333333,0.03333333333333333,0.033333333333333326
416,icmp,0.0,0.0,1.0
744,getelementptr,0.6333333333333333,0.1,0.2666666666666667
745,getelementptr,0.8,0.13333333333333333,0.06666666666666665
746,getelementptr,0.7333333333333333,0.13333333333333333,0.13333333333333341
747,getelementptr,0.8,0.06666666666666667,0.1333333333333333
748,getelementptr,0.7666666666666667,0.1,0.1333333333333333
749,getelementptr,0.7,0.1,0.20000000000000007
750,getelementptr,0.8,0.03333333333333333,0.16666666666666663
751,getelementptr,0.8,0.1,0.09999999999999998
752,getelementptr,0.8333333333333334,0.1,0.06666666666666665
753,load,0.0,0.8,0.19999999999999996
754,load,0.0,0.6666666666666666,0.33333333333333337
755,load,0.03333333333333333,0.7333333333333333,0.2333333333333334
756,getelementptr,0.7,0.2,0.10000000000000009
757,load,0.0,0.7333333333333333,0.2666666666666667
758,getelementptr,0.8,0.13333333333333333,0.06666666666666665
759,load,0.0,0.7333333333333333,0.2666666666666667
760,getelementptr,0.7333333333333333,0.16666666666666666,0.10000000000000009
761,load,0.0,0.7333333333333333,0.2666666666666667
762,getelementptr,0.8333333333333334,0.03333333333333333,0.1333333333333333
763,load,0.0,0.9,0.09999999999999998
764,getelementptr,0.7333333333333333,0.1,0.16666666666666674
765,load,0.0,0.8333333333333334,0.16666666666666663
766,getelementptr,0.5333333333333333,0.13333333333333333,0.33333333333333337
767,load,0.0,0.7333333333333333,0.2666666666666667
768,getelementptr,0.6666666666666666,0.1,0.2333333333333334
769,load,0.0,0.7666666666666667,0.23333333333333328
770,getelementptr,0.6666666666666666,0.13333333333333333,0.20000000000000007
771,load,0.0,0.7333333333333333,0.2666666666666667
772,getelementptr,0.7,0.16666666666666666,0.13333333333333341
773,load,0.0,0.8,0.19999999999999996
775,getelementptr,0.8666666666666667,0.06666666666666667,0.06666666666666665
776,getelementptr,0.7666666666666667,0.1,0.1333333333333333
777,getelementptr,0.6666666666666666,0.16666666666666666,0.16666666666666674
778,getelementptr,0.8666666666666667,0.0,0.1333333333333333
779,getelementptr,0.8666666666666667,0.1,0.033333333333333326
780,getelementptr,0.8,0.13333333333333333,0.06666666666666665
781,load,0.0,0.8333333333333334,0.16666666666666663
782,load,0.0,0.6666666666666666,0.33333333333333337
783,load,0.0,0.6666666666666666,0.33333333333333337
784,getelementptr,0.7333333333333333,0.03333333333333333,0.2333333333333334
785,load,0.0,0.8666666666666667,0.1333333333333333
786,getelementptr,0.7333333333333333,0.16666666666666666,0.10000000000000009
787,load,0.0,0.6666666666666666,0.33333333333333337
788,getelementptr,0.6,0.16666666666666666,0.2333333333333334
789,load,0.0,0.7,0.30000000000000004
790,getelementptr,0.7666666666666667,0.06666666666666667,0.16666666666666663
791,load,0.0,0.5333333333333333,0.4666666666666667
792,getelementptr,0.7333333333333333,0.13333333333333333,0.13333333333333341
793,load,0.0,0.7333333333333333,0.2666666666666667
794,getelementptr,0.6333333333333333,0.16666666666666666,0.20000000000000007
795,load,0.0,0.7,0.30000000000000004
796,load,0.0,0.8,0.19999999999999996
797,load,0.0,0.7333333333333333,0.2666666666666667
798,load,0.0,0.8,0.19999999999999996
800,getelementptr,0.6,0.1,0.30000000000000004
801,getelementptr,0.8,0.13333333333333333,0.06666666666666665
802,getelementptr,0.7666666666666667,0.06666666666666667,0.16666666666666663
803,load,0.0,0.7,0.30000000000000004
804,load,0.0,0.7,0.30000000000000004
805,load,0.0,0.6333333333333333,0.3666666666666667
806,load,0.0,0.7333333333333333,0.2666666666666667
807,load,0.0,0.7,0.30000000000000004
808,load,0.0,0.5666666666666667,0.43333333333333335
809,getelementptr,0.8,0.03333333333333333,0.16666666666666663
810,load,0.0,0.6333333333333333,0.3666666666666667
811,getelementptr,0.6333333333333333,0.2,0.16666666666666674
812,load,0.0,0.6,0.4
813,getelementptr,0.7666666666666667,0.1,0.1333333333333333
814,load,0.0,0.7,0.30000000000000004
815,load,0.0,0.6,0.4
816,load,0.0,0.7333333333333333,0.2666666666666667
817,load,0.0,0.6,0.4
819,getelementptr,0.7666666666666667,0.1,0.1333333333333333
820,getelementptr,0.7,0.1,0.20000000000000007
821,getelementptr,0.8,0.1,0.09999999999999998
822,load,0.0,0.6666666666666666,0.33333333333333337
823,load,0.0,0.7666666666666667,0.23333333333333328
824,load,0.0,0.7333333333333333,0.2666666666666667
825,load,0.0,0.7666666666666667,0.23333333333333328
826,load,0.0,0.7,0.30000000000000004
827,load,0.0,0.7,0.30000000000000004
828,getelementptr,0.7,0.13333333333333333,0.16666666666666674
829,load,0.0,0.8,0.19999999999999996
830,getelementptr,0.6666666666666666,0.1,0.2333333333333334
831,load,0.0,0.7,0.30000000000000004
832,getelementptr,0.8,0.1,0.09999999999999998
833,load,0.0,0.7,0.30000000000000004
834,load,0.0,0.6666666666666666,0.33333333333333337
835,load,0.0,0.7666666666666667,0.23333333333333328
836,load,0.0,0.7333333333333333,0.2666666666666667
838,load,0.0,0.8,0.19999999999999996
839,load,0.0,0.6,0.4
840,load,0.0,0.7333333333333333,0.2666666666666667
841,load,0.0,0.4666666666666667,0.5333333333333333
842,load,0.0,0.6666666666666666,0.33333333333333337
843,load,0.0,0.7,0.30000000000000004
844,load,0.03333333333333333,0.7333333333333333,0.2333333333333334
845,load,0.03333333333333333,0.6,0.3666666666666667
846,load,0.0,0.6666666666666666,0.33333333333333337
847,load,0.0,0.5666666666666667,0.43333333333333335
848,load,0.0,0.7666666666666667,0.23333333333333328
849,load,0.0,0.5666666666666667,0.43333333333333335
851,load,0.0,0.7333333333333333,0.2666666666666667
852,load,0.0,0.6333333333333333,0.3666666666666667
853,load,0.0,0.8,0.19999999999999996
854,load,0.0,0.7333333333333333,0.2666666666666667
855,load,0.0,0.7,0.30000000000000004
856,load,0.0,0.8666666666666667,0.1333333333333333
857,load,0.0,0.6333333333333333,0.3666666666666667
858,load,0.0,0.6333333333333333,0.3666666666666667
859,load,0.0,0.6,0.4
860,load,0.0,0.8,0.19999999999999996
861,load,0.0,0.6666666666666666,0.33333333333333337
862,load,0.0,0.6666666666666666,0.33333333333333337
875,bitcast,0.6666666666666666,0.16666666666666666,0.16666666666666674
876,load,0.0,0.7666666666666667,0.23333333333333328
877,getelementptr,0.8,0.13333333333333333,0.06666666666666665
878,bitcast,0.7,0.03333333333333333,0.2666666666666667
879,load,0.0,0.7666666666666667,0.23333333333333328
880,getelementptr,0.7666666666666667,0.13333333333333333,0.09999999999999998
881,bitcast,0.7,0.1,0.20000000000000007
882,load,0.0,0.7,0.30000000000000004
883,getelementptr,0.8,0.06666666666666667,0.1333333333333333
884,bitcast,0.7666666666666667,0.1,0.1333333333333333
885,load,0.0,0.7,0.30000000000000004
886,getelementptr,0.6666666666666666,0.2,0.13333333333333341
887,bitcast,0.7333333333333333,0.1,0.16666666666666674
888,load,0.0,0.8333333333333334,0.16666666666666663
889,getelementptr,0.8,0.1,0.09999999999999998
890,bitcast,0.6333333333333333,0.16666666666666666,0.20000000000000007
891,load,0.0,0.8,0.19999999999999996
892,getelementptr,0.7333333333333333,0.16666666666666666,0.10000000000000009
893,bitcast,0.6,0.26666666666666666,0.13333333333333341
894,load,0.0,0.6666666666666666,0.33333333333333337
895,getelementptr,0.8,0.03333333333333333,0.16666666666666663
896,bitcast,0.8,0.03333333333333333,0.16666666666666663
897,load,0.0,0.7,0.30000000000000004
898,getelementptr,0.8333333333333334,0.03333333333333333,0.1333333333333333
899,bitcast,0.8333333333333334,0.03333333333333333,0.1333333333333333
900,load,0.0,0.8333333333333334,0.16666666666666663
901,getelementptr,0.7333333333333333,0.1,0.16666666666666674
902,bitcast,0.8333333333333334,0.06666666666666667,0.09999999999999998
903,load,0.0,0.8,0.19999999999999996
904,getelementptr,0.8333333333333334,0.1,0.06666666666666665
905,bitcast,0.7,0.0,0.30000000000000004
906,load,0.0,0.6333333333333333,0.3666666666666667
907,getelementptr,0.7333333333333333,0.1,0.16666666666666674
908,bitcast,0.7666666666666667,0.06666666666666667,0.16666666666666663
909,load,0.0,0.7,0.30000000000000004
910,fneg,0.03333333333333333,0.7,0.2666666666666667
911,insertelement,0.06666666666666667,0.7666666666666667,0.16666666666666663
912,shufflevector,0.06666666666666667,0.6333333333333333,0.30000000000000004
913,fmul,0.03333333333333333,0.7,0.2666666666666667
914,bitcast,0.7666666666666667,0.1,0.1333333333333333
916,getelementptr,0.8,0.1,0.09999999999999998
917,fneg,0.0,0.7666666666666667,0.23333333333333328
918,fmul,0.16666666666666666,0.6666666666666666,0.1666666666666667
919,bitcast,0.7,0.0,0.30000000000000004
921,getelementptr,0.8,0.03333333333333333,0.16666666666666663
922,fneg,0.03333333333333333,0.8666666666666667,0.09999999999999998
923,fmul,0.03333333333333333,0.7666666666666667,0.19999999999999996
924,bitcast,0.7333333333333333,0.03333333333333333,0.2333333333333334
926,getelementptr,0.7,0.1,0.20000000000000007
927,fneg,0.0,0.7,0.30000000000000004
928,fmul,0.06666666666666667,0.7333333333333333,0.20000000000000007
929,bitcast,0.6666666666666666,0.16666666666666666,0.16666666666666674
931,fneg,0.0,0.7,0.30000000000000004
932,insertelement,0.03333333333333333,0.8333333333333334,0.1333333333333333
933,shufflevector,0.03333333333333333,0.7666666666666667,0.19999999999999996
934,fmul,0.06666666666666667,0.6,0.33333333333333337
935,bitcast,0.7666666666666667,0.0,0.23333333333333328
937,getelementptr,0.7666666666666667,0.06666666666666667,0.16666666666666663
938,fneg,0.03333333333333333,0.6666666666666666,0.30000000000000004
939,fmul,0.1,0.5666666666666667,0.33333333333333337
940,bitcast,0.8333333333333334,0.06666666666666667,0.09999999999999998
942,getelementptr,0.7,0.13333333333333333,0.16666666666666674
943,fneg,0.0,0.6666666666666666,0.33333333333333337
944,fmul,0.03333333333333333,0.7666666666666667,0.19999999999999996
945,bitcast,0.8666666666666667,0.03333333333333333,0.09999999999999998
947,getelementptr,0.7,0.2,0.10000000000000009
948,fneg,0.0,0.8666666666666667,0.1333333333333333
949,fmul,0.06666666666666667,0.7,0.2333333333333334
950,bitcast,0.7666666666666667,0.06666666666666667,0.16666666666666663
952,fneg,0.03333333333333333,0.7666666666666667,0.19999999999999996
953,insertelement,0.0,0.9333333333333333,0.06666666666666665
954,shufflevector,0.06666666666666667,0.6666666666666666,0.2666666666666667
955,fmul,0.0,0.7,0.30000000000000004
956,bitcast,0.7333333333333333,0.2,0.06666666666666676
958,getelementptr,0.7333333333333333,0.16666666666666666,0.10000000000000009
959,fneg,0.0,0.5333333333333333,0.4666666666666667
960,fmul,0.0,0.8,0.19999999999999996
961,bitcast,0.7666666666666667,0.1,0.1333333333333333
963,getelementptr,0.7666666666666667,0.03333333333333333,0.19999999999999996
964,fneg,0.03333333333333333,0.8333333333333334,0.1333333333333333
965,fmul,0.0,0.6,0.4
966,bitcast,0.6666666666666666,0.13333333333333333,0.20000000000000007
968,getelementptr,0.9,0.0,0.09999999999999998
969,fneg,0.03333333333333333,0.8,0.16666666666666663
970,fmul,0.0,0.8333333333333334,0.16666666666666663
971,bitcast,0.7333333333333333,0.03333333333333333,0.2333333333333334
1017,phi,0.9,0.03333333333333333,0.06666666666666665
1018,shl,0.8,0.06666666666666667,0.1333333333333333
1019,load,0.8666666666666667,0.03333333333333333,0.09999999999999998
1020,getelementptr,0.8,0.1,0.09999999999999998
1021,load,0.8333333333333334,0.1,0.06666666666666665
1022,load,0.8333333333333334,0.13333333333333333,0.033333333333333326
1023,load,0.8333333333333334,0.06666666666666667,0.09999999999999998
1025,getelementptr,0.8333333333333334,0.13333333333333333,0.033333333333333326
1028,getelementptr,0.7333333333333333,0.1,0.16666666666666674
1029,load,0.03333333333333333,0.6666666666666666,0.30000000000000004
1030,getelementptr,0.8333333333333334,0.0,0.16666666666666663
1031,load,0.0,0.9,0.09999999999999998
1032,getelementptr,0.6333333333333333,0.03333333333333333,0.33333333333333337
1033,load,0.06666666666666667,0.6,0.33333333333333337
1035,load,0.8,0.06666666666666667,0.1333333333333333
1036,load,0.6666666666666666,0.1,0.2333333333333334
1037,load,0.8666666666666667,0.06666666666666667,0.06666666666666665
1058,add,0.9,0.0,0.09999999999999998
1059,icmp,0.7333333333333333,0.0,0.2666666666666667
1086,load,0.6333333333333333,0.16666666666666666,0.20000000000000007
1087,getelementptr,0.7333333333333333,0.1,0.16666666666666674
1088,load,0.43333333333333335,0.13333333333333333,0.43333333333333335
1089,getelementptr,0.7333333333333333,0.16666666666666666,0.10000000000000009
1090,load,0.43333333333333335,0.2,0.3666666666666667
1091,getelementptr,0.8,0.03333333333333333,0.16666666666666663
1092,load,0.5333333333333333,0.26666666666666666,0.20000000000000007
1093,getelementptr,0.7,0.06666666666666667,0.2333333333333334
1094,load,0.6333333333333333,0.1,0.2666666666666667
1095,getelementptr,0.9,0.0,0.09999999999999998
1096,load,0.5,0.16666666666666666,0.33333333333333337
1097,getelementptr,0.7,0.06666666666666667,0.2333333333333334
1098,load,0.7333333333333333,0.1,0.16666666666666674
1099,getelementptr,0.8333333333333334,0.06666666666666667,0.09999999999999998
1100,load,0.5333333333333333,0.2,0.2666666666666667
1101,sext,0.7666666666666667,0.06666666666666667,0.16666666666666663
1102,load,0.9,0.06666666666666667,0.033333333333333326
1103,getelementptr,0.7666666666666667,0.06666666666666667,0.16666666666666663
1104,load,0.0,0.8,0.19999999999999996
1106,sext,0.9,0.03333333333333333,0.06666666666666665
1107,getelementptr,0.7666666666666667,0.1,0.1333333333333333
1108,load,0.0,0.7333333333333333,0.2666666666666667
1109,getelementptr,0.7666666666666667,0.1,0.1333333333333333
1111,sext,0.6,0.2,0.20000000000000007
1112,getelementptr,0.7333333333333333,0.06666666666666667,0.20000000000000007
1113,load,0.0,0.7333333333333333,0.2666666666666667
1114,getelementptr,0.6333333333333333,0.16666666666666666,0.20000000000000007
1116,sext,0.7666666666666667,0.13333333333333333,0.09999999999999998
1117,getelementptr,0.7333333333333333,0.1,0.16666666666666674
1118,load,0.0,0.8333333333333334,0.16666666666666663
1119,getelementptr,0.7,0.16666666666666666,0.13333333333333341
1121,sext,0.7,0.16666666666666666,0.13333333333333341
1122,getelementptr,0.7,0.1,0.20000000000000007
1123,load,0.0,0.7,0.30000000000000004
1124,getelementptr,0.5333333333333333,0.06666666666666667,0.4
1126,sext,0.6666666666666666,0.13333333333333333,0.20000000000000007
1127,getelementptr,0.7333333333333333,0.13333333333333333,0.13333333333333341
1128,load,0.0,0.5333333333333333,0.4666666666666667
1129,getelementptr,0.9,0.03333333333333333,0.06666666666666665
1131,sext,0.7666666666666667,0.03333333333333333,0.19999999999999996
1132,getelementptr,0.6666666666666666,0.1,0.2333333333333334
1133,load,0.0,0.7,0.30000000000000004
1134,getelementptr,0.6666666666666666,0.13333333333333333,0.20000000000000007
1136,sext,0.7,0.2,0.10000000000000009
1137,getelementptr,0.6666666666666666,0.1,0.2333333333333334
1138,load,0.0,0.8333333333333334,0.16666666666666663
1139,getelementptr,0.7,0.13333333333333333,0.16666666666666674
1141,load,0.7,0.06666666666666667,0.2333333333333334
1142,getelementptr,0.6333333333333333,0.03333333333333333,0.33333333333333337
1143,load,0.0,0.7666666666666667,0.23333333333333328
1145,getelementptr,0.8666666666666667,0.13333333333333333,0.0
1146,load,0.0,0.7,0.30000000000000004
1147,getelementptr,0.8666666666666667,0.1,0.033333333333333326
1149,getelementptr,0.6,0.23333333333333334,0.16666666666666663
1150,load,0.0,0.6333333333333333,0.3666666666666667
1151,getelementptr,0.7333333333333333,0.2,0.06666666666666676
1153,getelementptr,0.6666666666666666,0.16666666666666666,0.16666666666666674
1154,load,0.0,0.7,0.30000000000000004
1155,getelementptr,0.7666666666666667,0.1,0.1333333333333333
1157,getelementptr,0.5666666666666667,0.13333333333333333,0.30000000000000004
1158,load,0.0,0.8666666666666667,0.1333333333333333
1159,getelementptr,0.7,0.16666666666666666,0.13333333333333341
1161,getelementptr,0.7333333333333333,0.13333333333333333,0.13333333333333341
1162,load,0.0,0.6666666666666666,0.33333333333333337
1163,getelementptr,0.8,0.16666666666666666,0.033333333333333326
1165,getelementptr,0.7,0.16666666666666666,0.13333333333333341
1166,load,0.0,0.7333333333333333,0.2666666666666667
1167,getelementptr,0.8333333333333334,0.03333333333333333,0.1333333333333333
1169,getelementptr,0.6,0.13333333333333333,0.2666666666666667
1170,load,0.0,0.6666666666666666,0.33333333333333337
1171,getelementptr,0.7,0.23333333333333334,0.06666666666666665
1173,load,0.6333333333333333,0.16666666666666666,0.20000000000000007
1174,getelementptr,0.6333333333333333,0.16666666666666666,0.20000000000000007
1175,load,0.0,0.7666666666666667,0.23333333333333328
1177,getelementptr,0.7333333333333333,0.06666666666666667,0.20000000000000007
1178,load,0.0,0.7,0.30000000000000004
1179,getelementptr,0.7,0.2,0.10000000000000009
1181,getelementptr,0.7333333333333333,0.1,0.16666666666666674
1182,load,0.0,0.5,0.5
1183,getelementptr,0.6,0.23333333333333334,0.16666666666666663
1185,getelementptr,0.6,0.1,0.30000000000000004
1186,load,0.0,0.8333333333333334,0.16666666666666663
1187,getelementptr,0.7666666666666667,0.13333333333333333,0.09999999999999998
1189,getelementptr,0.8666666666666667,0.06666666666666667,0.06666666666666665
1190,load,0.0,0.8,0.19999999999999996
1191,getelementptr,0.8,0.1,0.09999999999999998
1193,getelementptr,0.6666666666666666,0.13333333333333333,0.20000000000000007
1194,load,0.0,0.8,0.19999999999999996
1195,getelementptr,0.8,0.16666666666666666,0.033333333333333326
1197,getelementptr,0.6333333333333333,0.13333333333333333,0.2333333333333334
1198,load,0.0,0.8,0.19999999999999996
1199,getelementptr,0.6666666666666666,0.13333333333333333,0.20000000000000007
1201,getelementptr,0.7,0.13333333333333333,0.16666666666666674
1202,load,0.0,0.7,0.30000000000000004
1203,getelementptr,0.8333333333333334,0.06666666666666667,0.09999999999999998
1270,getelementptr,0.6666666666666666,0.1,0.2333333333333334
1271,load,0.0,0.6666666666666666,0.33333333333333337
1272,getelementptr,0.7333333333333333,0.13333333333333333,0.13333333333333341
1273,load,0.0,0.8666666666666667,0.1333333333333333
1274,getelementptr,0.7333333333333333,0.1,0.16666666666666674
1275,load,0.0,0.7,0.30000000000000004
1276,getelementptr,0.8333333333333334,0.03333333333333333,0.1333333333333333
1277,load,0.0,0.8333333333333334,0.16666666666666663
1278,getelementptr,0.7,0.16666666666666666,0.13333333333333341
1279,load,0.0,0.8666666666666667,0.1333333333333333
1280,getelementptr,0.8666666666666667,0.06666666666666667,0.06666666666666665
1281,load,0.0,0.7666666666666667,0.23333333333333328
1282,getelementptr,0.7,0.16666666666666666,0.13333333333333341
1283,load,0.0,0.6666666666666666,0.33333333333333337
1284,getelementptr,0.7,0.06666666666666667,0.2333333333333334
1285,load,0.0,0.7,0.30000000000000004
1286,getelementptr,0.7666666666666667,0.06666666666666667,0.16666666666666663
1287,load,0.0,0.7333333333333333,0.2666666666666667
1288,getelementptr,0.7666666666666667,0.03333333333333333,0.19999999999999996
1289,load,0.0,0.6666666666666666,0.33333333333333337
1290,getelementptr,0.6666666666666666,0.1,0.2333333333333334
1291,load,0.06666666666666667,0.7,0.2333333333333334
1292,getelementptr,0.8,0.13333333333333333,0.06666666666666665
1293,load,0.0,0.8,0.19999999999999996
1294,getelementptr,0.7666666666666667,0.16666666666666666,0.06666666666666665
1295,load,0.0,0.7333333333333333,0.2666666666666667
1296,getelementptr,0.5666666666666667,0.26666666666666666,0.16666666666666674
1297,load,0.0,0.7666666666666667,0.23333333333333328
1298,getelementptr,0.6666666666666666,0.06666666666666667,0.2666666666666667
1299,load,0.0,0.8,0.19999999999999996
1300,getelementptr,0.6666666666666666,0.16666666666666666,0.16666666666666674
1301,load,0.0,0.5666666666666667,0.43333333333333335
1302,getelementptr,0.8333333333333334,0.06666666666666667,0.09999999999999998
1303,load,0.0,0.6333333333333333,0.3666666666666667
1304,getelementptr,0.6666666666666666,0.06666666666666667,0.2666666666666667
1305,load,0.0,0.6333333333333333,0.3666666666666667
1307,load,0.0,0.8333333333333334,0.16666666666666663
1308,load,0.0,0.8,0.19999999999999996
1309,load,0.0,0.9,0.09999999999999998
1310,load,0.03333333333333333,0.8666666666666667,0.09999999999999998
1311,load,0.0,0.8666666666666667,0.1333333333333333
1312,getelementptr,0.6333333333333333,0.16666666666666666,0.20000000000000007
1313,load,0.0,0.7666666666666667,0.23333333333333328
1314,load,0.0,0.8666666666666667,0.1333333333333333
1315,load,0.0,0.5666666666666667,0.43333333333333335
1316,load,0.03333333333333333,0.7666666666666667,0.19999999999999996
1317,load,0.0,0.7666666666666667,0.23333333333333328
1318,load,0.0,0.7666666666666667,0.23333333333333328
1319,getelementptr,0.6333333333333333,0.13333333333333333,0.2333333333333334
1320,load,0.0,0.7,0.30000000000000004
1321,load,0.0,0.6,0.4
1322,load,0.0,0.6666666666666666,0.33333333333333337
1323,load,0.0,0.8666666666666667,0.1333333333333333
1324,load,0.0,0.7666666666666667,0.23333333333333328
1325,load,0.0,0.7,0.30000000000000004
1326,getelementptr,0.7666666666666667,0.06666666666666667,0.16666666666666663
1327,load,0.0,0.7,0.30000000000000004
1328,getelementptr,0.8,0.06666666666666667,0.1333333333333333
1329,getelementptr,0.7666666666666667,0.1,0.1333333333333333
1330,getelementptr,0.8,0.06666666666666667,0.1333333333333333
1332,load,0.0,0.7666666666666667,0.23333333333333328
1333,load,0.0,0.7333333333333333,0.2666666666666667
1334,load,0.0,0.7666666666666667,0.23333333333333328
1335,load,0.0,0.9333333333333333,0.06666666666666665
1336,load,0.0,0.8,0.19999999999999996
1337,load,0.0,0.6666666666666666,0.33333333333333337
1338,load,0.03333333333333333,0.7333333333333333,0.2333333333333334
1339,load,0.0,0.9,0.09999999999999998
1340,load,0.03333333333333333,0.7333333333333333,0.2333333333333334
1341,load,0.0,0.7,0.30000000000000004
1342,load,0.0,0.6333333333333333,0.3666666666666667
1343,load,0.0,0.7333333333333333,0.2666666666666667
1344,load,0.0,0.8,0.19999999999999996
1345,load,0.0,0.8333333333333334,0.16666666666666663
1346,load,0.0,0.7666666666666667,0.23333333333333328
1347,load,0.0,0.7333333333333333,0.2666666666666667
1348,load,0.0,0.7,0.30000000000000004
1349,load,0.0,0.8,0.19999999999999996
1350,getelementptr,0.8,0.06666666666666667,0.1333333333333333
1351,getelementptr,0.8,0.1,0.09999999999999998
1352,getelementptr,0.7333333333333333,0.16666666666666666,0.10000000000000009
1354,load,0.0,0.7333333333333333,0.2666666666666667
1355,load,0.0,0.7666666666666667,0.23333333333333328
1356,load,0.0,0.9,0.09999999999999998
1357,load,0.0,0.7,0.30000000000000004
1358,load,0.03333333333333333,0.6333333333333333,0.33333333333333337
1359,load,0.0,0.8666666666666667,0.1333333333333333
1360,load,0.0,0.7333333333333333,0.2666666666666667
1361,load,0.0,0.7666666666666667,0.23333333333333328
1362,load,0.0,0.7666666666666667,0.23333333333333328
1363,load,0.0,0.7,0.30000000000000004
1364,load,0.0,0.7333333333333333,0.2666666666666667
1365,load,0.0,0.8333333333333334,0.16666666666666663
1366,load,0.0,0.7333333333333333,0.2666666666666667
1367,load,0.0,0.8333333333333334,0.16666666666666663
1368,load,0.0,0.7,0.30000000000000004
1369,load,0.0,0.8333333333333334,0.16666666666666663
1370,load,0.0,0.8,0.19999999999999996
1371,load,0.0,0.7333333333333333,0.2666666666666667
1372,getelementptr,0.6333333333333333,0.16666666666666666,0.20000000000000007
1373,getelementptr,0.7333333333333333,0.06666666666666667,0.20000000000000007
1374,getelementptr,0.8333333333333334,0.1,0.06666666666666665
1376,load,0.0,0.7666666666666667,0.23333333333333328
1377,load,0.0,0.6,0.4
1378,load,0.0,0.7333333333333333,0.2666666666666667
1379,load,0.0,0.7666666666666667,0.23333333333333328
1380,load,0.0,0.7666666666666667,0.23333333333333328
1381,load,0.0,0.8333333333333334,0.16666666666666663
1382,load,0.0,0.8,0.19999999999999996
1383,load,0.03333333333333333,0.8,0.16666666666666663
1384,load,0.0,0.8666666666666667,0.1333333333333333
1385,load,0.0,0.8666666666666667,0.1333333333333333
1386,load,0.0,0.7333333333333333,0.2666666666666667
1387,load,0.0,0.8333333333333334,0.16666666666666663
1388,load,0.0,0.7666666666666667,0.23333333333333328
1389,load,0.0,0.8333333333333334,0.16666666666666663
1390,load,0.0,0.8,0.19999999999999996
1391,load,0.0,0.6666666666666666,0.33333333333333337
1392,load,0.0,0.7333333333333333,0.2666666666666667
1393,load,0.0,0.8333333333333334,0.16666666666666663
1394,getelementptr,0.8333333333333334,0.03333333333333333,0.1333333333333333
1395,getelementptr,0.9,0.06666666666666667,0.033333333333333326
1396,getelementptr,0.6666666666666666,0.06666666666666667,0.2666666666666667
1398,load,0.03333333333333333,0.8,0.16666666666666663
1399,load,0.0,0.8333333333333334,0.16666666666666663
1400,load,0.0,0.6333333333333333,0.3666666666666667
1401,load,0.0,0.8666666666666667,0.1333333333333333
1402,load,0.0,0.8,0.19999999999999996
1403,load,0.0,0.9,0.09999999999999998
1404,load,0.0,0.8666666666666667,0.1333333333333333
1405,load,0.0,0.8666666666666667,0.1333333333333333
1406,load,0.0,0.8,0.19999999999999996
1407,load,0.0,0.8,0.19999999999999996
1408,load,0.0,0.7,0.30000000000000004
1409,load,0.0,0.7666666666666667,0.23333333333333328
1410,load,0.0,0.6,0.4
1411,load,0.0,0.6666666666666666,0.33333333333333337
1412,load,0.0,0.8,0.19999999999999996
1413,load,0.0,0.6666666666666666,0.33333333333333337
1414,load,0.0,0.7666666666666667,0.23333333333333328
1415,load,0.0,0.7666666666666667,0.23333333333333328
1416,getelementptr,0.7,0.03333333333333333,0.2666666666666667
1417,getelementptr,0.6333333333333333,0.06666666666666667,0.30000000000000004
1418,getelementptr,0.6333333333333333,0.2,0.16666666666666674
1420,load,0.0,0.7,0.30000000000000004
1421,load,0.0,0.7666666666666667,0.23333333333333328
1422,load,0.0,0.7333333333333333,0.2666666666666667
1423,load,0.03333333333333333,0.7333333333333333,0.2333333333333334
1424,load,0.0,0.7,0.30000000000000004
1425,load,0.0,0.7666666666666667,0.23333333333333328
1426,load,0.0,0.8333333333333334,0.16666666666666663
1427,load,0.0,0.8666666666666667,0.1333333333333333
1428,load,0.0,0.7333333333333333,0.2666666666666667
1429,load,0.0,0.8,0.19999999999999996
1430,load,0.0,0.9666666666666667,0.033333333333333326
1431,load,0.0,0.9,0.09999999999999998
1432,load,0.0,0.7666666666666667,0.23333333333333328
1433,load,0.0,0.7666666666666667,0.23333333333333328
1434,load,0.0,0.5,0.5
1435,load,0.0,0.7666666666666667,0.23333333333333328
1436,load,0.0,0.8,0.19999999999999996
1437,load,0.0,0.7,0.30000000000000004
1438,getelementptr,0.7,0.23333333333333334,0.06666666666666665
1439,getelementptr,0.7666666666666667,0.1,0.1333333333333333
1440,getelementptr,0.6666666666666666,0.06666666666666667,0.2666666666666667
1442,load,0.03333333333333333,0.7666666666666667,0.19999999999999996
1443,load,0.0,0.8333333333333334,0.16666666666666663
1444,load,0.0,0.7666666666666667,0.23333333333333328
1445,load,0.0,0.7333333333333333,0.2666666666666667
1446,load,0.0,0.7333333333333333,0.2666666666666667
1447,load,0.0,0.9,0.09999999999999998
1448,load,0.0,0.7,0.30000000000000004
1449,load,0.0,0.8666666666666667,0.1333333333333333
1450,load,0.0,0.7666666666666667,0.23333333333333328
1451,load,0.0,0.7666666666666667,0.23333333333333328
1452,load,0.0,0.7666666666666667,0.23333333333333328
1453,load,0.0,0.7666666666666667,0.23333333333333328
1454,load,0.03333333333333333,0.7,0.2666666666666667
1455,load,0.0,0.7666666666666667,0.23333333333333328
1456,load,0.0,0.9,0.09999999999999998
1457,load,0.0,0.8,0.19999999999999996
1458,load,0.0,0.7666666666666667,0.23333333333333328
1459,load,0.0,0.6666666666666666,0.33333333333333337
1460,getelementptr,0.8,0.16666666666666666,0.033333333333333326
1461,getelementptr,0.8333333333333334,0.03333333333333333,0.1333333333333333
1462,getelementptr,0.8666666666666667,0.1,0.033333333333333326
1465,load,0.0,0.7,0.30000000000000004
1466,load,0.06666666666666667,0.7666666666666667,0.16666666666666663
1467,fmul,0.1,0.7666666666666667,0.13333333333333328
1468,load,0.0,0.8,0.19999999999999996
1469,getelementptr,0.8,0.13333333333333333,0.06666666666666665
1470,load,0.13333333333333333,0.7666666666666667,0.09999999999999995
1471,fmul,0.1,0.6666666666666666,0.23333333333333336
1472,fadd,0.03333333333333333,0.8,0.16666666666666663
1473,load,0.0,0.8,0.19999999999999996
1474,getelementptr,0.6666666666666666,0.1,0.2333333333333334
1475,load,0.06666666666666667,0.7,0.2333333333333334
1476,fmul,0.1,0.8,0.09999999999999995
1477,fadd,0.06666666666666667,0.8666666666666667,0.06666666666666664
1478,load,0.0,0.9666666666666667,0.033333333333333326
1479,getelementptr,0.7,0.2,0.10000000000000009
1480,load,0.0,0.7666666666666667,0.23333333333333328
1481,fmul,0.06666666666666667,0.6,0.33333333333333337
1482,fadd,0.0,0.8,0.19999999999999996
1483,load,0.0,0.8,0.19999999999999996
1484,getelementptr,0.7333333333333333,0.16666666666666666,0.10000000000000009
1485,load,0.0,0.9,0.09999999999999998
1486,fmul,0.0,0.9,0.09999999999999998
1487,fadd,0.0,0.8333333333333334,0.16666666666666663
1488,load,0.03333333333333333,0.8333333333333334,0.1333333333333333
1489,getelementptr,0.8,0.13333333333333333,0.06666666666666665
1490,load,0.03333333333333333,0.7,0.2666666666666667
1491,fmul,0.06666666666666667,0.5666666666666667,0.3666666666666667
1492,fadd,0.06666666666666667,0.7333333333333333,0.20000000000000007
1493,load,0.0,0.9,0.09999999999999998
1494,getelementptr,0.7666666666666667,0.1,0.1333333333333333
1495,load,0.23333333333333334,0.7333333333333333,0.03333333333333338
1496,fmul,0.03333333333333333,0.9,0.06666666666666665
1497,fadd,0.1,0.7666666666666667,0.13333333333333328
1498,load,0.0,0.9,0.09999999999999998
1499,getelementptr,0.6333333333333333,0.13333333333333333,0.2333333333333334
1500,load,0.1,0.8666666666666667,0.0333333333333333
1501,fmul,0.03333333333333333,0.8,0.16666666666666663
1502,fadd,0.0,0.8333333333333334,0.16666666666666663
1503,getelementptr,0.7333333333333333,0.13333333333333333,0.13333333333333341
1504,load,0.0,0.8,0.19999999999999996
1505,fmul,0.03333333333333333,0.8333333333333334,0.1333333333333333
1506,getelementptr,0.7333333333333333,0.03333333333333333,0.2333333333333334
1507,load,0.0,0.9,0.09999999999999998
1508,fmul,0.1,0.7333333333333333,0.1666666666666667
1509,fadd,0.13333333333333333,0.6,0.2666666666666667
1510,getelementptr,0.7333333333333333,0.06666666666666667,0.20000000000000007
1511,load,0.0,0.7666666666666667,0.23333333333333328
1512,fmul,0.1,0.7333333333333333,0.1666666666666667
1513,fadd,0.06666666666666667,0.7333333333333333,0.20000000000000007
1514,getelementptr,0.8,0.1,0.09999999999999998
1515,load,0.0,0.9,0.09999999999999998
1516,fmul,0.1,0.8333333333333334,0.06666666666666662
1517,fadd,0.06666666666666667,0.8333333333333334,0.09999999999999996
1518,getelementptr,0.6666666666666666,0.1,0.2333333333333334
1519,load,0.0,0.7,0.30000000000000004
1520,fmul,0.0,0.8666666666666667,0.1333333333333333
1521,fadd,0.03333333333333333,0.8666666666666667,0.09999999999999998
1522,getelementptr,0.7,0.06666666666666667,0.2333333333333334
1523,load,0.0,0.8333333333333334,0.16666666666666663
1524,fmul,0.13333333333333333,0.6666666666666666,0.20000000000000004
1525,fadd,0.0,0.7666666666666667,0.23333333333333328
1526,getelementptr,0.8,0.03333333333333333,0.16666666666666663
1527,load,0.0,0.8666666666666667,0.1333333333333333
1528,fmul,0.0,0.7333333333333333,0.2666666666666667
1529,fadd,0.03333333333333333,0.7,0.2666666666666667
1530,getelementptr,0.8666666666666667,0.03333333333333333,0.09999999999999998
1531,load,0.0,0.9666666666666667,0.033333333333333326
1532,fmul,0.03333333333333333,0.9333333333333333,0.03333333333333332
1533,fadd,0.03333333333333333,0.8666666666666667,0.09999999999999998
1534,getelementptr,0.7333333333333333,0.13333333333333333,0.13333333333333341
1535,load,0.0,0.7666666666666667,0.23333333333333328
1536,fmul,0.2,0.6,0.2
1537,getelementptr,0.6333333333333333,0.16666666666666666,0.20000000000000007
1538,load,0.0,0.8333333333333334,0.16666666666666663
1539,fmul,0.03333333333333333,0.7666666666666667,0.19999999999999996
1540,fadd,0.03333333333333333,0.7666666666666667,0.19999999999999996
1541,getelementptr,0.8333333333333334,0.1,0.06666666666666665
1542,load,0.0,0.7,0.30000000000000004
1543,fmul,0.03333333333333333,0.8,0.16666666666666663
1544,fadd,0.1,0.8333333333333334,0.06666666666666662
1545,getelementptr,0.7,0.1,0.20000000000000007
1546,load,0.0,0.8333333333333334,0.16666666666666663
1547,fmul,0.03333333333333333,0.7,0.2666666666666667
1548,fadd,0.0,0.8666666666666667,0.1333333333333333
1549,getelementptr,0.6,0.2,0.20000000000000007
1550,load,0.0,0.7,0.30000000000000004
1551,fmul,0.06666666666666667,0.6333333333333333,0.30000000000000004
1552,fadd,0.06666666666666667,0.6666666666666666,0.2666666666666667
1553,getelementptr,0.8,0.1,0.09999999999999998
1554,load,0.0,0.6666666666666666,0.33333333333333337
1555,fmul,0.0,0.8666666666666667,0.1333333333333333
1556,fadd,0.06666666666666667,0.6666666666666666,0.2666666666666667
1557,getelementptr,0.7,0.13333333333333333,0.16666666666666674
1558,load,0.0,0.9,0.09999999999999998
1559,fmul,0.03333333333333333,0.8,0.16666666666666663
1560,fadd,0.1,0.8333333333333334,0.06666666666666662
1561,getelementptr,0.7666666666666667,0.06666666666666667,0.16666666666666663
1562,load,0.0,0.8,0.19999999999999996
1563,fmul,0.03333333333333333,0.8666666666666667,0.09999999999999998
1564,fadd,0.03333333333333333,0.8,0.16666666666666663
1565,getelementptr,0.8333333333333334,0.03333333333333333,0.1333333333333333
1566,load,0.0,0.8,0.19999999999999996
1567,fmul,0.03333333333333333,0.7,0.2666666666666667
1568,getelementptr,0.6666666666666666,0.06666666666666667,0.2666666666666667
1569,load,0.0,0.7666666666666667,0.23333333333333328
1570,fmul,0.16666666666666666,0.7333333333333333,0.10000000000000006
1571,fadd,0.06666666666666667,0.8,0.1333333333333333
1572,getelementptr,0.7666666666666667,0.13333333333333333,0.09999999999999998
1573,load,0.0,0.6333333333333333,0.3666666666666667
1574,fmul,0.13333333333333333,0.7333333333333333,0.1333333333333334
1575,fadd,0.03333333333333333,0.6666666666666666,0.30000000000000004
1576,getelementptr,0.8333333333333334,0.06666666666666667,0.09999999999999998
1577,load,0.0,0.9333333333333333,0.06666666666666665
1578,fmul,0.03333333333333333,0.7333333333333333,0.2333333333333334
1579,fadd,0.03333333333333333,0.8333333333333334,0.1333333333333333
1580,getelementptr,0.6666666666666666,0.1,0.2333333333333334
1581,load,0.0,0.8,0.19999999999999996
1582,fmul,0.03333333333333333,0.8666666666666667,0.09999999999999998
1583,fadd,0.06666666666666667,0.7333333333333333,0.20000000000000007
1584,getelementptr,0.6333333333333333,0.2,0.16666666666666674
1585,load,0.0,0.7333333333333333,0.2666666666666667
1586,fmul,0.0,0.9,0.09999999999999998
1587,fadd,0.03333333333333333,0.8,0.16666666666666663
1588,getelementptr,0.8,0.03333333333333333,0.16666666666666663
1589,load,0.03333333333333333,0.7666666666666667,0.19999999999999996
1590,fmul,0.0,0.8,0.19999999999999996
1591,fadd,0.1,0.7,0.20000000000000004
1592,getelementptr,0.6666666666666666,0.2,0.13333333333333341
1593,load,0.0,0.7333333333333333,0.2666666666666667
1594,fmul,0.03333333333333333,0.7666666666666667,0.19999999999999996
1595,fadd,0.0,0.7,0.30000000000000004
1596,fmul,0.0,0.9333333333333333,0.06666666666666665
1597,fmul,0.0,0.9666666666666667,0.033333333333333326
1598,fadd,0.1,0.7333333333333333,0.1666666666666667
1599,fmul,0.06666666666666667,0.7333333333333333,0.20000000000000007
1600,fadd,0.0,0.8333333333333334,0.16666666666666663
1601,fmul,0.03333333333333333,0.8666666666666667,0.09999999999999998
1602,fadd,0.06666666666666667,0.7333333333333333,0.20000000000000007
1603,fmul,0.0,0.9,0.09999999999999998
1605,load,0.0,0.7,0.30000000000000004
1606,fmul,0.03333333333333333,0.7333333333333333,0.2333333333333334
1607,load,0.06666666666666667,0.7666666666666667,0.16666666666666663
1608,fmul,0.03333333333333333,0.8333333333333334,0.1333333333333333
1609,fadd,0.03333333333333333,0.7333333333333333,0.2333333333333334
1610,load,0.03333333333333333,0.6333333333333333,0.33333333333333337
1611,fmul,0.0,0.7333333333333333,0.2666666666666667
1612,fadd,0.0,0.7,0.30000000000000004
1613,load,0.0,0.8333333333333334,0.16666666666666663
1614,fmul,0.03333333333333333,0.8666666666666667,0.09999999999999998
1615,fadd,0.03333333333333333,0.8666666666666667,0.09999999999999998
1616,fmul,0.03333333333333333,0.7666666666666667,0.19999999999999996
1617,getelementptr,0.8666666666666667,0.03333333333333333,0.09999999999999998
1619,load,0.0,0.8333333333333334,0.16666666666666663
1620,fmul,0.0,0.8333333333333334,0.16666666666666663
1621,load,0.0,0.7,0.30000000000000004
1622,fmul,0.03333333333333333,0.9,0.06666666666666665
1623,fadd,0.1,0.7666666666666667,0.13333333333333328
1624,load,0.0,0.7333333333333333,0.2666666666666667
1625,fmul,0.06666666666666667,0.8,0.1333333333333333
1626,fadd,0.0,0.9,0.09999999999999998
1627,load,0.03333333333333333,0.6333333333333333,0.33333333333333337
1628,fmul,0.03333333333333333,0.8666666666666667,0.09999999999999998
1629,fadd,0.03333333333333333,0.6333333333333333,0.33333333333333337
1630,fmul,0.0,0.7333333333333333,0.2666666666666667
